{"cameraMode":{"drawMode":0,"name":"Shaded","section":"Shading Mode"},"sceneLighting":true,"audioPlay":false,"sceneViewState":{"showFog":true,"showMaterialUpdate":false,"showSkybox":true,"showFlares":true,"showImageEffects":true,"showParticleSystems":true},"in2DMode":false,"pivot":{"x":270.21392822265627,"y":401.2722473144531,"z":1.2336435317993165},"rotation":{"x":-0.03895064815878868,"y":0.2972758114337921,"z":-0.012138480320572853,"w":-0.9539195895195007},"size":646.4743041992188,"orthographic":false}